Current Time,PSS(KB)
2021-12-16 20:23:47,64926
2021-12-16 20:23:53,64930
2021-12-16 20:23:59,64938
2021-12-16 20:24:05,64942
2021-12-16 20:24:11,64946
2021-12-16 20:24:17,64954
2021-12-16 20:24:23,64958
2021-12-16 20:24:30,64962
2021-12-16 20:24:36,64966
2021-12-16 20:24:42,64974
2021-12-16 20:24:48,64978
2021-12-16 20:24:54,64982
2021-12-16 20:25:00,64990
2021-12-16 20:25:06,64994
2021-12-16 20:25:12,64998
2021-12-16 20:25:18,65006
2021-12-16 20:25:24,65010
2021-12-16 20:25:30,65014
2021-12-16 20:25:36,65022
2021-12-16 20:25:42,65026
